inst,N,gamma,c,K,final_time,final_obj,time_1,obj_1,time_2,obj_2,time_3,obj_3,time_4,obj_4,time_5,obj_5,time_6,obj_6,time_7,obj_7,time_8,obj_8,time_9,obj_9,time_10,obj_10,time_11,obj_11,time_12,obj_12
1,100,5.0,5.0,4,0.28540492057800293,2054.1417188957876,0.28536081314086914,2054.1417188957876,,,,,,,,,,,,,,,,,,,,,,
2,100,5.0,5.0,4,0.3191642761230469,2246.6009289649437,0.3191232681274414,2246.6009289649437,,,,,,,,,,,,,,,,,,,,,,
3,100,5.0,5.0,4,0.1763148307800293,1982.4224025590793,0.17627215385437012,1982.4224025590793,,,,,,,,,,,,,,,,,,,,,,
4,100,5.0,5.0,4,151.5809121131897,2015.9813509061062,2.977524995803833,2015.923827465234,5.490503311157227,2015.950702289814,6.75811243057251,2015.9550342469709,7.54049825668335,2015.9813509061062,,,,,,,,,,,,,,,,
5,100,5.0,5.0,4,2.1533000469207764,1863.5154289228878,1.1850273609161377,1863.5154289228878,,,,,,,,,,,,,,,,,,,,,,
6,100,5.0,5.0,4,5.477570533752441,2274.79248024198,2.1135149002075195,2274.79248024198,,,,,,,,,,,,,,,,,,,,,,
7,100,5.0,5.0,4,11.415136814117432,2437.6751308001662,2.9499826431274414,2437.6751308001662,,,,,,,,,,,,,,,,,,,,,,
8,100,5.0,5.0,4,3.24587082862854,2286.37698091857,1.5530493259429932,2286.37698091857,,,,,,,,,,,,,,,,,,,,,,
9,100,5.0,5.0,4,0.1820061206817627,1914.9579090605125,0.18196320533752441,1914.9579090605125,,,,,,,,,,,,,,,,,,,,,,
10,100,5.0,5.0,4,542.1181852817535,1967.7237903838723,3.6488540172576904,1967.6400503206955,5.236979961395264,1967.6495059462356,11.844427108764648,1967.7237903838723,,,,,,,,,,,,,,,,,,
11,100,5.0,5.0,4,2.251403570175171,1982.909353536681,1.1415717601776123,1982.909353536681,,,,,,,,,,,,,,,,,,,,,,
12,100,5.0,5.0,4,0.3287477493286133,2237.7610637171665,0.3287057876586914,2237.7610637171665,,,,,,,,,,,,,,,,,,,,,,
13,100,5.0,5.0,4,0.20799779891967773,2508.956141622251,0.20795011520385742,2508.956141622251,,,,,,,,,,,,,,,,,,,,,,
14,100,5.0,5.0,4,478.2740387916565,2060.4626856491473,2.169111967086792,2060.462684767015,116.84402465820312,2060.4626849731576,163.14625573158264,2060.4626856491473,,,,,,,,,,,,,,,,,,
15,100,5.0,5.0,4,16.960763692855835,2251.020719343144,1.810950756072998,2250.9048196666754,3.352356433868408,2251.0207191179456,9.588373184204102,2251.020719343144,,,,,,,,,,,,,,,,,,
16,100,5.0,5.0,4,451.55252289772034,1723.4527582019841,3.223567008972168,1723.1188229871134,3.7101023197174072,1723.2304323211322,4.844714403152466,1723.4429728882124,12.874773740768433,1723.4527582019841,,,,,,,,,,,,,,,,
1,100,15.0,5.0,4,158.09515976905823,1936.1827223291614,3.420264482498169,1933.1851067044142,10.13061237335205,1934.3474631788174,11.570207357406616,1936.182722135447,154.54413747787476,1936.1827223291614,,,,,,,,,,,,,,,,
2,100,15.0,5.0,4,0.7351725101470947,2126.997560206227,0.7351291179656982,2126.997560206227,,,,,,,,,,,,,,,,,,,,,,
3,100,15.0,5.0,4,1800.3104531764984,1865.0164052702182,1.861279010772705,1865.016405083617,117.94541072845459,1865.0164052702182,,,,,,,,,,,,,,,,,,,,
4,100,15.0,5.0,4,1800.5925483703613,1898.9927499305704,9.074771165847778,1897.1626595686944,19.786751747131348,1897.627441500947,29.341540813446045,1898.0701790353264,54.6821403503418,1898.3586123147652,62.99210548400879,1898.4348663164458,95.40842771530151,1898.6829007373444,155.5427165031433,1898.988570893998,400.6243507862091,1898.9927499305704,,,,,,,,
5,100,15.0,5.0,4,1800.7397260665894,1748.2656287126802,14.590508699417114,1747.1946884433605,18.90469527244568,1747.24481109751,30.0712468624115,1747.3447380059026,58.596306800842285,1747.4490112941046,73.32212018966675,1747.7780469182007,281.5879280567169,1747.8296256727292,418.6416177749634,1748.016245522642,668.9345381259918,1748.2656287126802,,,,,,,,
6,100,15.0,5.0,4,1800.5472674369812,2148.0757792884165,8.778029203414917,2147.6912190111775,150.7558400630951,2147.766361117606,226.68717432022095,2147.980462452154,1143.059105873108,2148.0757792884165,,,,,,,,,,,,,,,,
7,100,15.0,5.0,4,1800.8348598480225,2311.1953883004862,8.460998058319092,2310.322991684513,103.56676936149597,2310.4919189237753,129.93513011932373,2310.9279300141425,161.2180094718933,2311.1614157969216,1211.865623474121,2311.1953883004862,,,,,,,,,,,,,,
8,100,15.0,5.0,4,1800.2198984622955,2162.8828468326824,8.772982358932495,2161.3289966787065,35.192490577697754,2162.8828468326824,,,,,,,,,,,,,,,,,,,,
9,100,15.0,5.0,4,1800.0862412452698,1801.008433522601,69.22907876968384,1797.7153024860122,86.10815739631653,1800.4891962461058,194.3786153793335,1800.6718813991097,305.90915989875793,1800.8205113820015,494.0207796096802,1801.008433522601,,,,,,,,,,,,,,
10,100,15.0,5.0,4,1800.799987077713,1854.4945543386123,12.43090534210205,1850.307890756079,16.52310276031494,1852.4751368853533,31.59609627723694,1853.2265837427587,74.87739610671997,1854.2109883067646,321.4835731983185,1854.2820419913976,456.0562641620636,1854.2953837359664,777.4604108333588,1854.4945543386123,,,,,,,,,,
11,100,15.0,5.0,4,1800.5145645141602,1867.0452349842867,2.993481159210205,1866.3370664321458,6.331183910369873,1866.6872069405172,22.780155181884766,1867.0452349842867,,,,,,,,,,,,,,,,,,
12,100,15.0,5.0,4,0.35228538513183594,2109.804445034802,0.35224056243896484,2109.804445034802,,,,,,,,,,,,,,,,,,,,,,
13,100,15.0,5.0,4,1800.2754700183868,2379.551212986532,2.236006021499634,2379.3988750502585,36.72585082054138,2379.5512128397268,1079.6467356681824,2379.551212986532,,,,,,,,,,,,,,,,,,
14,100,15.0,5.0,4,1800.6027972698212,1945.2905152334092,5.651485204696655,1942.221123539795,8.644447088241577,1942.3150048319858,13.802566289901733,1943.3572341186039,17.522298097610474,1944.1931938316666,44.89007115364075,1944.562461025228,79.29076623916626,1944.8233816261015,84.77461242675781,1944.8402289798262,99.02512741088867,1945.290515038784,873.5141668319702,1945.2905152334092,,,,,,
15,100,15.0,5.0,4,1800.2552337646484,2121.10325132933,4.109490156173706,2118.4540712400635,9.769277572631836,2118.801661266099,20.580235719680786,2119.232346644737,37.50165629386902,2120.8472754116424,46.06081509590149,2121.10325132933,,,,,,,,,,,,,,
16,100,15.0,5.0,4,1800.2557072639465,1623.9274478903494,30.447869777679443,1620.636689939899,63.141390562057495,1621.6909960428725,66.34356427192688,1622.372752212258,108.19490790367126,1622.6121177101752,133.94090676307678,1622.9675589072863,195.6253159046173,1623.9274478903494,,,,,,,,,,,,
1,100,35.0,5.0,4,24.45519995689392,1912.8197082366567,1.7318065166473389,1912.8197082366567,,,,,,,,,,,,,,,,,,,,,,
2,100,35.0,5.0,4,94.05297327041626,2084.7875174549868,3.0557284355163574,2084.7875172464082,65.4151861667633,2084.7875174549868,,,,,,,,,,,,,,,,,,,,
3,100,35.0,5.0,4,1800.3552417755127,1846.7891814097343,2.2271008491516113,1846.7891812249588,24.606748819351196,1846.7891814097343,,,,,,,,,,,,,,,,,,,,
4,100,35.0,5.0,4,1800.4500620365143,1879.644151749127,4.510318040847778,1879.6441493818593,78.48506784439087,1879.64414956992,1721.099579334259,1879.644151749127,,,,,,,,,,,,,,,,,,
5,100,35.0,5.0,4,131.87802743911743,1742.0670379637208,1.711005449295044,1742.0670379637208,,,,,,,,,,,,,,,,,,,,,,
6,100,35.0,5.0,4,1800.2369632720947,2112.4864129427647,3.562016487121582,2112.40510437534,7.719565391540527,2112.4864109590703,69.48759889602661,2112.4864111704187,594.7772867679596,2112.4864129427647,,,,,,,,,,,,,,,,
7,100,35.0,5.0,4,1800.1620230674744,2260.122171289078,2.703752279281616,2260.122171062965,7.268935441970825,2260.122171289078,,,,,,,,,,,,,,,,,,,,
8,100,35.0,5.0,4,244.8463077545166,2122.988353301786,1.0928468704223633,2122.988353089387,55.66285514831543,2122.988353301786,,,,,,,,,,,,,,,,,,,,
9,100,35.0,5.0,4,1800.3120555877686,1788.2085321393106,4.603692293167114,1788.2085319603893,188.33401894569397,1788.2085321393106,,,,,,,,,,,,,,,,,,,,
10,100,35.0,5.0,4,1101.607167005539,1833.943030308365,1.773756980895996,1833.943030124871,245.50860929489136,1833.943030308365,,,,,,,,,,,,,,,,,,,,
11,100,35.0,5.0,4,1800.2571737766266,1848.3221969380015,6.250690698623657,1848.3221933067243,442.1393790245056,1848.3221934916562,714.9771239757538,1848.3221969380015,,,,,,,,,,,,,,,,,,
12,100,35.0,5.0,4,0.22754907608032227,2079.1606150431135,0.2274765968322754,2079.1606150431135,,,,,,,,,,,,,,,,,,,,,,
13,100,35.0,5.0,4,322.2121844291687,2323.994528020937,0.7203760147094727,2323.994524456728,30.76639175415039,2323.9945246892294,167.3142352104187,2323.994528020937,,,,,,,,,,,,,,,,,,
14,100,35.0,5.0,4,1800.1724507808685,1916.2996090226698,3.9504709243774414,1916.2996046428245,466.76803040504456,1916.2996048345542,924.3057339191437,1916.2996090226698,,,,,,,,,,,,,,,,,,
15,100,35.0,5.0,4,218.95991969108582,2092.093026860689,0.8280212879180908,2092.0930266513806,75.58509945869446,2092.093026860689,,,,,,,,,,,,,,,,,,,,
16,100,35.0,5.0,4,1800.1598207950592,1614.9320261494488,5.886685609817505,1614.9320259878568,99.24107527732849,1614.9320261494488,,,,,,,,,,,,,,,,,,,,
1,100,50.0,5.0,4,28.11238408088684,1912.8197082366567,1.5844402313232422,1912.8197082366567,,,,,,,,,,,,,,,,,,,,,,
2,100,50.0,5.0,4,85.12441921234131,2084.7875174549868,2.864885091781616,2084.7875172464082,71.70193529129028,2084.7875173160414,81.75983929634094,2084.7875174549868,,,,,,,,,,,,,,,,,,
3,100,50.0,5.0,4,1800.0708539485931,1846.7892200053318,2.873741388320923,1846.7891812249559,27.547903060913086,1846.7891814097354,401.6992139816284,1846.7892200053318,,,,,,,,,,,,,,,,,,
4,100,50.0,5.0,4,1800.370475769043,1879.644151749127,3.149336576461792,1879.64414956992,400.4755482673645,1879.644151749127,,,,,,,,,,,,,,,,,,,,
5,100,50.0,5.0,4,142.58023357391357,1742.0670379637208,1.5215437412261963,1742.0670379637208,,,,,,,,,,,,,,,,,,,,,,
6,100,50.0,5.0,4,1800.3187294006348,2112.4864129427647,3.59061861038208,2112.40510437534,6.181657314300537,2112.4864109590703,326.6088156700134,2112.4864111704187,400.3248791694641,2112.4864129427647,,,,,,,,,,,,,,,,
7,100,50.0,5.0,4,1800.144536972046,2260.1222273088306,2.3494629859924316,2260.122171062965,1460.5026514530182,2260.1221712890774,1740.2171921730042,2260.1222273088306,,,,,,,,,,,,,,,,,,
8,100,50.0,5.0,4,225.28613543510437,2122.988353301786,1.3887288570404053,2122.988353089387,87.61971092224121,2122.988353301786,,,,,,,,,,,,,,,,,,,,
9,100,50.0,5.0,4,1800.1064751148224,1788.2085386394963,4.742307424545288,1788.2085319603893,26.802563667297363,1788.2085321393101,39.07101607322693,1788.2085325309636,442.4963812828064,1788.2085386394963,,,,,,,,,,,,,,,,
10,100,50.0,5.0,4,1072.2677137851715,1833.9430303083652,1.4918911457061768,1833.943030124871,281.1597013473511,1833.9430303083652,,,,,,,,,,,,,,,,,,,,
11,100,50.0,5.0,4,1800.198548078537,1848.3221954602209,5.776593208312988,1848.3221933067248,89.38578057289124,1848.322193491657,353.81440258026123,1848.3221954602209,,,,,,,,,,,,,,,,,,
12,100,50.0,5.0,4,0.14843010902404785,2079.1606150431135,0.14838624000549316,2079.1606150431135,,,,,,,,,,,,,,,,,,,,,,
13,100,50.0,5.0,4,306.7623097896576,2323.994528020937,0.9825119972229004,2323.994524456728,18.06126594543457,2323.994524689228,226.58966946601868,2323.994528020937,,,,,,,,,,,,,,,,,,
14,100,50.0,5.0,4,1800.0530791282654,1916.2996121226222,3.8471996784210205,1916.2996046428245,216.74290013313293,1916.2996048345547,351.76432037353516,1916.2996052443414,1452.9905800819397,1916.2996121226222,,,,,,,,,,,,,,,,
15,100,50.0,5.0,4,248.5019645690918,2092.093026860689,0.9157528877258301,2092.0930266513806,79.47546744346619,2092.093026860689,,,,,,,,,,,,,,,,,,,,
16,100,50.0,5.0,4,1800.1806716918945,1614.9320275635964,8.012779712677002,1614.9320259878564,86.01145267486572,1614.932026149449,594.158139705658,1614.9320275635964,,,,,,,,,,,,,,,,,,
1,100,5.0,15.0,4,1800.1517119407654,3830.4614309763188,3.1128668785095215,3830.3322976323075,4.8182008266448975,3830.390464079663,5.795095682144165,3830.4614305931827,1021.3434371948242,3830.4614309763188,,,,,,,,,,,,,,,,
2,100,5.0,15.0,4,0.25467634201049805,4719.873597811234,0.25463247299194336,4719.873597811234,,,,,,,,,,,,,,,,,,,,,,
3,100,5.0,15.0,4,865.2627375125885,3885.4908479703586,2.1895692348480225,3885.191422623586,3.453803300857544,3885.490847581722,383.19036316871643,3885.4908479703586,,,,,,,,,,,,,,,,,,
4,100,5.0,15.0,4,4.793802261352539,4163.775938593537,1.6831531524658203,4163.775938177068,4.184855937957764,4163.775938593537,,,,,,,,,,,,,,,,,,,,
5,100,5.0,15.0,4,0.15645909309387207,3978.5434527572347,0.1564168930053711,3978.5434527572347,,,,,,,,,,,,,,,,,,,,,,
6,100,5.0,15.0,4,0.21004390716552734,4485.65973425104,0.20999693870544434,4485.65973425104,,,,,,,,,,,,,,,,,,,,,,
7,100,5.0,15.0,4,0.496837854385376,4571.029709334455,0.4967954158782959,4571.029709334455,,,,,,,,,,,,,,,,,,,,,,
8,100,5.0,15.0,4,5.170990943908691,4606.468517482342,2.092141628265381,4606.468517482342,,,,,,,,,,,,,,,,,,,,,,
9,100,5.0,15.0,4,4.319767475128174,4163.639048560612,1.6666061878204346,4163.639048560612,,,,,,,,,,,,,,,,,,,,,,
10,100,5.0,15.0,4,0.9008913040161133,4078.5766842801836,0.9008479118347168,4078.5766842801836,,,,,,,,,,,,,,,,,,,,,,
11,100,5.0,15.0,4,1800.0275173187256,3995.5260543206905,3.820570468902588,3994.502248773455,5.3123674392700195,3995.3836031602486,5.880333423614502,3995.40519478941,13.383970975875854,3995.4574177857685,15.500534534454346,3995.5260543206905,,,,,,,,,,,,,,
12,100,5.0,15.0,4,0.8942067623138428,4285.236046316497,0.8940873146057129,4285.236046316497,,,,,,,,,,,,,,,,,,,,,,
13,100,5.0,15.0,4,1.9072904586791992,4687.669979974068,1.120466709136963,4687.669979974068,,,,,,,,,,,,,,,,,,,,,,
14,100,5.0,15.0,4,2.0507054328918457,4187.242214006636,1.1294634342193604,4187.242214006636,,,,,,,,,,,,,,,,,,,,,,
15,100,5.0,15.0,4,5.0801615715026855,4304.074114198305,1.8033809661865234,4304.074114198305,,,,,,,,,,,,,,,,,,,,,,
16,100,5.0,15.0,4,0.711907148361206,3967.495233154056,0.711862325668335,3967.495233154056,,,,,,,,,,,,,,,,,,,,,,
1,100,15.0,15.0,4,1800.5468106269836,3699.264633721833,15.538697004318237,3696.9539167779394,32.2281231880188,3697.434974107418,47.827213764190674,3698.013854131685,110.26305842399597,3698.393225326693,123.40797424316406,3698.5310728773097,153.0306360721588,3698.7048279221835,253.6082639694214,3698.949600175113,386.1620235443115,3698.957461510884,914.5249094963074,3698.9863446439263,1008.356282711029,3699.264633721833,,,,
2,100,15.0,15.0,4,0.9411828517913818,4580.92754308904,0.5554149150848389,4580.816037047858,0.8348665237426758,4580.92754308904,,,,,,,,,,,,,,,,,,,,
3,100,15.0,15.0,4,1800.555768251419,3752.1668498729,7.426312446594238,3751.6506986617887,15.273337841033936,3752.06235175771,43.97853422164917,3752.1668498729,,,,,,,,,,,,,,,,,,
4,100,15.0,15.0,4,1800.1243455410004,4025.802553954132,4.479254722595215,4025.80255355144,228.88296818733215,4025.802553954132,,,,,,,,,,,,,,,,,,,,
5,100,15.0,15.0,4,67.71981930732727,3842.400090333215,1.992656946182251,3842.21327548421,3.401890993118286,3842.4000899488756,4.538740158081055,3842.400090333215,,,,,,,,,,,,,,,,,,
6,100,15.0,15.0,4,0.24077677726745605,4349.123882065656,0.24073338508605957,4349.123882065656,,,,,,,,,,,,,,,,,,,,,,
7,100,15.0,15.0,4,0.49705934524536133,4430.270995789251,0.49701428413391113,4430.270995789251,,,,,,,,,,,,,,,,,,,,,,
8,100,15.0,15.0,4,9.02587080001831,4469.453782297267,3.1074490547180176,4469.453782297267,,,,,,,,,,,,,,,,,,,,,,
9,100,15.0,15.0,4,844.5673763751984,4030.840951231639,2.4351234436035156,4030.8144243213787,6.571048021316528,4030.84091536035,15.418056964874268,4030.840951231639,,,,,,,,,,,,,,,,,,
10,100,15.0,15.0,4,1800.098228931427,3945.78600559214,5.6332292556762695,3945.146455773327,8.434947490692139,3945.223500599977,15.444758653640747,3945.6873260454877,53.963724851608276,3945.7204293124973,185.33519172668457,3945.74966544647,229.82025980949402,3945.78600559214,,,,,,,,,,,,
11,100,15.0,15.0,4,1800.1030769348145,3861.6163869410007,15.870914697647095,3859.16698633109,19.940144062042236,3859.4638623661735,42.364922523498535,3860.7326324238757,206.12201499938965,3861.0830394955037,271.9952030181885,3861.257430777045,1112.744615316391,3861.6163869410007,,,,,,,,,,,,
12,100,15.0,15.0,4,0.853926420211792,4146.31229244974,0.8538801670074463,4146.31229244974,,,,,,,,,,,,,,,,,,,,,,
13,100,15.0,15.0,4,1707.9782047271729,4548.946669297624,1.9740564823150635,4548.94666884263,31.91526222229004,4548.946669297624,,,,,,,,,,,,,,,,,,,,
14,100,15.0,15.0,4,40.439677715301514,4054.5168591688075,2.69710111618042,4054.5168591688075,,,,,,,,,,,,,,,,,,,,,,
15,100,15.0,15.0,4,295.21196961402893,4163.162072299172,5.314369440078735,4162.981713811284,7.725115537643433,4163.119399772199,15.576425313949585,4163.154848693768,101.92270159721375,4163.162072299172,,,,,,,,,,,,,,,,
16,100,15.0,15.0,4,1800.536324262619,3828.6271382851637,3.2588605880737305,3828.364514941709,7.30075478553772,3828.6271382851637,,,,,,,,,,,,,,,,,,,,
1,100,35.0,15.0,4,1801.726478099823,3515.597001548993,66.31603741645813,3512.867810597358,130.94323182106018,3513.609761624229,161.39825892448425,3513.6893178102637,176.98262786865234,3514.351712651099,199.01830625534058,3514.8374268632747,342.8530125617981,3514.885832927909,966.4151504039764,3515.597001548993,,,,,,,,,,
2,100,35.0,15.0,4,14.521533012390137,4347.472715238066,1.4426286220550537,4347.472715238066,,,,,,,,,,,,,,,,,,,,,,
3,100,35.0,15.0,4,1800.1962733268738,3562.3427786917096,12.104634046554565,3562.3423441462996,42.52086877822876,3562.3427786917096,,,,,,,,,,,,,,,,,,,,
4,100,35.0,15.0,4,1801.5107939243317,3816.249552084613,30.49295711517334,3813.130370948984,55.28402614593506,3813.7252131915607,104.7573721408844,3814.234253125817,145.72955513000488,3814.4094919914473,260.6028027534485,3814.411454461621,267.3812770843506,3814.61858534252,388.6360297203064,3816.249552084613,,,,,,,,,,
5,100,35.0,15.0,4,1801.734873533249,3650.2118865195293,22.338210821151733,3647.2161201388167,67.01148200035095,3649.9156663493845,483.09082770347595,3650.051246961931,1245.3203282356262,3650.2118865195293,,,,,,,,,,,,,,,,
6,100,35.0,15.0,4,0.13306951522827148,4112.6026928577485,0.13300824165344238,4112.6026928577485,,,,,,,,,,,,,,,,,,,,,,
7,100,35.0,15.0,4,66.88323450088501,4194.973298712972,4.218343734741211,4194.973298712972,,,,,,,,,,,,,,,,,,,,,,
8,100,35.0,15.0,4,1801.1881046295166,4243.429330390878,21.56759762763977,4242.110082660415,25.18778395652771,4242.351458811563,279.7388005256653,4242.9179996637395,457.754807472229,4242.944704936766,750.3940875530243,4243.429330390878,,,,,,,,,,,,,,
9,100,35.0,15.0,4,1801.6901755332947,3820.1425516879267,15.298190116882324,3816.5479871343196,32.4303195476532,3817.6650432654774,44.147963523864746,3818.7222050494156,88.60484290122986,3819.344242004307,148.06429243087769,3820.081151420867,508.3004426956177,3820.1425516879267,,,,,,,,,,,,
10,100,35.0,15.0,4,1801.775042295456,3742.633157650781,54.30282163619995,3741.3730364540415,214.1773920059204,3741.6818463539826,338.9971568584442,3742.159078704025,769.7398614883423,3742.425287812332,1322.7079949378967,3742.633157650781,,,,,,,,,,,,,,
11,100,35.0,15.0,4,1801.086816072464,3667.5122258978304,91.54474663734436,3664.4411420113734,171.19212198257446,3665.267173219692,230.78915929794312,3665.984765056339,270.8478901386261,3666.2040700613056,780.743810415268,3666.529165050737,791.0784575939178,3667.3216366919323,1500.8344340324402,3667.5122258978304,,,,,,,,,,
12,100,35.0,15.0,4,1801.226987361908,3930.2281931619164,7.681648015975952,3926.281704786239,26.737147569656372,3926.2990653402503,29.330348253250122,3928.2293687525657,30.918867588043213,3930.2173722824064,71.60942435264587,3930.218029478349,78.23615503311157,3930.225966072941,227.95250058174133,3930.2261494119625,252.44147729873657,3930.2281931619164,,,,,,,,
13,100,35.0,15.0,4,1800.1325027942657,4311.602839855784,6.913117170333862,4311.602839855784,,,,,,,,,,,,,,,,,,,,,,
14,100,35.0,15.0,4,1801.9081029891968,3845.0219174318645,6.321483850479126,3845.0219174318645,,,,,,,,,,,,,,,,,,,,,,
15,100,35.0,15.0,4,1800.0283734798431,3944.458031378943,16.019938707351685,3942.30250664517,42.26996898651123,3942.7926538493275,87.58925938606262,3943.788937575414,447.9092962741852,3943.9319114587543,476.2929549217224,3944.0515527891666,506.44727969169617,3944.1776749517376,721.9030992984772,3944.458031378943,,,,,,,,,,
16,100,35.0,15.0,4,1800.7182438373566,3637.567603703888,17.43885064125061,3637.567603703888,,,,,,,,,,,,,,,,,,,,,,
1,100,50.0,15.0,4,1800.6854071617126,3512.8678114003415,3.166715145111084,3512.867810948746,1062.4722800254822,3512.8678110744077,1447.429268360138,3512.8678114003415,,,,,,,,,,,,,,,,,,
2,100,50.0,15.0,4,2.944767475128174,4313.946720039625,0.47696924209594727,4313.946720039625,,,,,,,,,,,,,,,,,,,,,,
3,100,50.0,15.0,4,1800.933355808258,3562.3423445026356,4.2808263301849365,3562.3423441462996,32.1101336479187,3562.3423445026356,,,,,,,,,,,,,,,,,,,,
4,100,50.0,15.0,4,1800.9562470912933,3813.130371330399,3.0588512420654297,3813.130370948983,7.213559150695801,3813.130371330399,,,,,,,,,,,,,,,,,,,,
5,100,50.0,15.0,4,1800.471883058548,3646.8390480196085,11.68113088607788,3646.8390452577983,564.2377638816833,3646.839046799436,1421.4674499034882,3646.8390480196085,,,,,,,,,,,,,,,,,,
6,100,50.0,15.0,4,0.2026050090789795,4102.400260898591,0.2025606632232666,4102.400260898591,,,,,,,,,,,,,,,,,,,,,,
7,100,50.0,15.0,4,7.16375994682312,4180.834566457797,2.0040318965911865,4180.834566039613,3.85587739944458,4180.834566457797,,,,,,,,,,,,,,,,,,,,
8,100,50.0,15.0,4,1800.679758310318,4211.688330525566,3.4576454162597656,4211.688330525566,,,,,,,,,,,,,,,,,,,,,,
9,100,50.0,15.0,4,1376.321569442749,3812.1817307258793,1.9002032279968262,3812.181719037821,82.27639603614807,3812.1817194191517,342.3482141494751,3812.1817249949972,944.6380302906036,3812.181726899246,1075.1719043254852,3812.1817307258793,,,,,,,,,,,,,,
10,100,50.0,15.0,4,1800.6769063472748,3735.9722730108065,4.367465257644653,3735.972272637105,504.55244541168213,3735.9722730108065,,,,,,,,,,,,,,,,,,,,
11,100,50.0,15.0,4,1800.8997678756714,3661.4224850608643,3.6103992462158203,3661.421607540403,66.44252038002014,3661.422464292547,204.66325545310974,3661.4224717987236,1726.0043573379517,3661.4224850608643,,,,,,,,,,,,,,,,
12,100,50.0,15.0,4,1800.1627223491669,3923.136189702692,4.137094259262085,3923.136189310278,1695.3487212657928,3923.136189702692,,,,,,,,,,,,,,,,,,,,
13,100,50.0,15.0,4,1800.1210405826569,4285.052580497782,3.1222054958343506,4285.052580069178,464.371680021286,4285.052580497782,,,,,,,,,,,,,,,,,,,,
14,100,50.0,15.0,4,134.50138878822327,3834.8853981672055,1.4292292594909668,3834.8853977836184,61.897481203079224,3834.8853981672055,,,,,,,,,,,,,,,,,,,,
15,100,50.0,15.0,4,1800.0325212478638,3940.537563635958,1.713611125946045,3940.5375620482396,25.040913105010986,3940.5375624423937,1475.8774359226227,3940.537563635958,,,,,,,,,,,,,,,,,,
16,100,50.0,15.0,4,1800.8989307880402,3637.567603703888,16.259281158447266,3637.567603703888,,,,,,,,,,,,,,,,,,,,,,
1,100,5.0,35.0,4,0.713829517364502,6516.787513625622,0.7137863636016846,6516.787513625622,,,,,,,,,,,,,,,,,,,,,,
2,100,5.0,35.0,4,4.963703870773315,7468.829610260385,1.746976375579834,7468.588082026913,2.0563690662384033,7468.829610260385,,,,,,,,,,,,,,,,,,,,
3,100,5.0,35.0,4,1.0381443500518799,6566.728629871632,1.0381009578704834,6566.728629871632,,,,,,,,,,,,,,,,,,,,,,
4,100,5.0,35.0,4,1.5334231853485107,6933.439304759041,1.305687665939331,6933.126125594042,1.5333802700042725,6933.439304759041,,,,,,,,,,,,,,,,,,,,
5,100,5.0,35.0,4,0.7579188346862793,6740.809571473951,0.7578768730163574,6740.809571473951,,,,,,,,,,,,,,,,,,,,,,
6,100,5.0,35.0,4,489.2611949443817,6994.636299921599,1.55857253074646,6994.6147188230625,1.7968299388885498,6994.625724481503,9.60059404373169,6994.633818422112,10.80853796005249,6994.634440433664,17.673611402511597,6994.635609918486,19.388957262039185,6994.635677910047,117.93791055679321,6994.636299921599,,,,,,,,,,
7,100,5.0,35.0,4,5.516627311706543,6997.51567913123,2.3073880672454834,6997.51567913123,,,,,,,,,,,,,,,,,,,,,,
8,100,5.0,35.0,4,0.3465762138366699,7338.297906071635,0.3465311527252197,7338.297906071635,,,,,,,,,,,,,,,,,,,,,,
9,100,5.0,35.0,4,0.3093147277832031,6943.768091171945,0.30927133560180664,6943.768091171945,,,,,,,,,,,,,,,,,,,,,,
10,100,5.0,35.0,4,0.5112097263336182,6803.185947160294,0.5111649036407471,6803.185947160294,,,,,,,,,,,,,,,,,,,,,,
11,100,5.0,35.0,4,0.7847433090209961,6862.153478798243,0.7846992015838623,6862.153478798243,,,,,,,,,,,,,,,,,,,,,,
12,100,5.0,35.0,4,9.625795602798462,6798.432738418502,1.74039626121521,6798.138030404481,3.197596549987793,6798.422257654244,4.3598973751068115,6798.432738418502,,,,,,,,,,,,,,,,,,
13,100,5.0,35.0,4,5.101777076721191,7257.495681762571,1.9661059379577637,7257.410953081779,2.4125590324401855,7257.439685223994,3.7032856941223145,7257.495681762571,,,,,,,,,,,,,,,,,,
14,100,5.0,35.0,4,6.707960367202759,7010.55603370467,1.7761483192443848,7010.468248780424,4.246510982513428,7010.55603370467,,,,,,,,,,,,,,,,,,,,
15,100,5.0,35.0,4,0.5644855499267578,6934.054474923945,0.5644440650939941,6934.054474923945,,,,,,,,,,,,,,,,,,,,,,
16,100,5.0,35.0,4,0.8639569282531738,6922.634890850488,0.8639137744903564,6922.634890850488,,,,,,,,,,,,,,,,,,,,,,
1,100,15.0,35.0,4,38.45882749557495,6373.705490988479,1.5430006980895996,6373.705490351008,33.77458190917969,6373.705490988479,,,,,,,,,,,,,,,,,,,,
2,100,15.0,35.0,4,28.810032606124878,7324.966356613342,3.3246729373931885,7324.966356613342,,,,,,,,,,,,,,,,,,,,,,
3,100,15.0,35.0,4,1800.1248803138733,6427.8334306217885,6.9436516761779785,6427.823323971618,19.50366473197937,6427.83342973986,983.9103224277496,6427.8334306217885,,,,,,,,,,,,,,,,,,
4,100,15.0,35.0,4,131.98600506782532,6792.13849372498,3.404463052749634,6792.13849372498,,,,,,,,,,,,,,,,,,,,,,
5,100,15.0,35.0,4,0.6715505123138428,6596.331147398186,0.6715242862701416,6596.331147398186,,,,,,,,,,,,,,,,,,,,,,
6,100,15.0,35.0,4,1800.1487429141998,6852.448843790179,8.794742107391357,6851.857627873222,9.982598781585693,6851.990857269745,64.06058502197266,6852.087946066123,81.22841763496399,6852.25189994244,370.5902986526489,6852.268107868857,490.8852117061615,6852.418253211776,1400.9429457187653,6852.448843790179,,,,,,,,,,
7,100,15.0,35.0,4,226.15356469154358,6853.169908199898,2.969909191131592,6853.03596711425,6.983179569244385,6853.169908199898,,,,,,,,,,,,,,,,,,,,
8,100,15.0,35.0,4,14.097512006759644,7196.892730901594,1.6487758159637451,7196.892730181849,7.865251064300537,7196.892730901594,,,,,,,,,,,,,,,,,,,,
9,100,15.0,35.0,4,0.2782449722290039,6804.454053817605,0.27820825576782227,6804.454053817605,,,,,,,,,,,,,,,,,,,,,,
10,100,15.0,35.0,4,1326.0903253555298,6663.551863805806,3.4408252239227295,6663.55186280902,451.00021505355835,6663.551863492441,1086.3400611877441,6663.551863805806,,,,,,,,,,,,,,,,,,
11,100,15.0,35.0,4,1.0065224170684814,6718.457080534095,1.0064966678619385,6718.457080534095,,,,,,,,,,,,,,,,,,,,,,
12,100,15.0,35.0,4,103.07215547561646,6656.914043086947,2.6493265628814697,6656.905210339486,3.427326202392578,6656.914043086947,,,,,,,,,,,,,,,,,,,,
13,100,15.0,35.0,4,5.963597297668457,7114.20621589808,2.9774250984191895,7114.20621589808,,,,,,,,,,,,,,,,,,,,,,
14,100,15.0,35.0,4,1800.1506373882294,6865.942237940878,4.368730068206787,6865.831344796211,18.04891800880432,6865.847895404098,29.75886607170105,6865.942237254169,58.66072487831116,6865.942237505234,1735.4925668239594,6865.942237940878,,,,,,,,,,,,,,
15,100,15.0,35.0,4,75.20805406570435,6789.908753070516,3.4259207248687744,6789.901935619727,6.766610622406006,6789.908753070516,,,,,,,,,,,,,,,,,,,,
16,100,15.0,35.0,4,104.30536723136902,6779.5874399810655,3.2163970470428467,6779.248647511556,6.098871231079102,6779.5874399810655,,,,,,,,,,,,,,,,,,,,
1,100,35.0,35.0,4,1801.5390839576721,6121.224590065032,11.76861023902893,6119.581943078251,30.837122917175293,6119.922288342235,67.88527011871338,6120.601016602948,245.49811553955078,6120.6355718261675,263.42354011535645,6120.699032203321,279.5930914878845,6120.919390026701,1107.0372574329376,6121.062632522505,1672.0903069972992,6121.224590065032,,,,,,,,
2,100,35.0,35.0,4,1801.3935334682465,7061.284405588887,11.229056119918823,7060.927951210227,43.93223810195923,7061.254700559704,1131.395815372467,7061.284405588887,,,,,,,,,,,,,,,,,,
3,100,35.0,35.0,4,1801.5948214530945,6174.012575947639,17.76839017868042,6170.635538990061,31.106391191482544,6171.5187086764945,119.66361045837402,6171.645610560389,145.3196578025818,6171.903202777215,164.39195084571838,6172.208965140601,171.29575753211975,6172.490226913919,204.97575163841248,6172.572253134796,219.08603978157043,6172.721824428372,352.17718482017517,6173.506004327113,381.54250717163086,6173.946517980682,676.6258537769318,6174.012575947639,,
4,100,35.0,35.0,4,1801.3047630786896,6536.930366410322,14.856728076934814,6535.407509224199,25.699705123901367,6535.743677050051,110.83819222450256,6535.77002308882,164.38069796562195,6536.045933479747,248.66797018051147,6536.67347346949,416.1263144016266,6536.853264923325,1588.862782716751,6536.930366410322,,,,,,,,,,
5,100,35.0,35.0,4,1800.431885957718,6335.183529236131,9.913537502288818,6334.257189294051,18.088849306106567,6334.613022439191,98.35623836517334,6334.720364439052,290.20055079460144,6334.744086569643,337.5109086036682,6334.786984590229,581.1310658454895,6334.949697346499,893.764089345932,6334.968782558995,1080.183191537857,6334.987855403903,1218.13121509552,6335.183529236131,,,,,,
6,100,35.0,35.0,4,1800.7233304977417,6592.502327976311,13.650046348571777,6591.225307679042,87.5216748714447,6591.663731737287,100.79447150230408,6592.129749590363,267.8233730792999,6592.502327976311,,,,,,,,,,,,,,,,
7,100,35.0,35.0,4,1801.6430823802948,6592.04043621148,9.352101564407349,6591.225505671397,13.494125127792358,6591.481437041606,20.933453798294067,6591.78808036237,48.65863871574402,6592.04043621148,,,,,,,,,,,,,,,,
8,100,35.0,35.0,4,1800.1391172409058,6940.614765705587,4.40119194984436,6939.861397121261,13.620617389678955,6940.057367501091,17.953017950057983,6940.314311733625,35.10814023017883,6940.614765011469,46.82311463356018,6940.614765705587,,,,,,,,,,,,,,
9,100,35.0,35.0,4,0.1180417537689209,6547.479331451543,0.1180105209350586,6547.479331451543,,,,,,,,,,,,,,,,,,,,,,
10,100,35.0,35.0,4,1801.3991227149963,6413.622128845018,7.646694898605347,6411.747127988519,30.916627407073975,6411.95019737712,47.489874839782715,6413.448055071421,58.118135929107666,6413.622128845018,,,,,,,,,,,,,,,,
11,100,35.0,35.0,4,1800.8932223320007,6455.241559530603,6.593015432357788,6454.372345928674,8.45430612564087,6455.11188442121,91.92363929748535,6455.137323382447,149.11624217033386,6455.188047299422,610.1319305896759,6455.190978385627,635.2592499256134,6455.2035526772015,715.8441324234009,6455.241559530603,,,,,,,,,,
12,100,35.0,35.0,4,1801.7299563884735,6405.338923079065,24.443884134292603,6403.731234250568,32.34700965881348,6403.852735086075,35.994179010391235,6404.665528928958,46.63998818397522,6405.109740245117,88.50900220870972,6405.1416549310115,208.83231472969055,6405.276973449423,593.2337276935577,6405.297486523246,1304.6035506725311,6405.338923079065,,,,,,,,
13,100,35.0,35.0,4,1801.3998563289642,6854.448029487822,12.227696657180786,6853.456337093684,19.68082332611084,6853.630738001931,146.04800963401794,6853.636450083483,1418.4477112293243,6854.239525529341,1424.0077290534973,6854.448029487822,,,,,,,,,,,,,,
14,100,35.0,35.0,4,1801.672370672226,6609.490003633199,17.940112352371216,6608.140051581972,30.941218852996826,6609.164879829325,315.70908761024475,6609.24395063554,487.99901485443115,6609.490003633199,,,,,,,,,,,,,,,,
15,100,35.0,35.0,4,1800.9526448249817,6530.620853405677,17.552417993545532,6529.8719465312,41.35224962234497,6530.440033463838,70.39155125617981,6530.509314240238,252.17373943328857,6530.527402400672,1119.5850918293,6530.620853405677,,,,,,,,,,,,,,
16,100,35.0,35.0,4,1800.5417411327362,6515.4485960213015,5.469412326812744,6514.4740565645125,27.049542665481567,6514.686902365743,31.57364320755005,6514.743568195241,60.14430212974548,6515.238851370295,457.04688119888306,6515.250016422817,1618.6661040782928,6515.4485960213015,,,,,,,,,,,,
1,100,50.0,35.0,4,1801.7544920444489,5965.09553651363,21.98294711112976,5962.557013870457,66.64883494377136,5963.918367699242,80.75967264175415,5964.480903113067,139.51643919944763,5965.09553651363,,,,,,,,,,,,,,,,
2,100,50.0,35.0,4,1801.5074424743652,6890.015842827021,38.552725315093994,6887.479241954739,79.99507665634155,6887.6829415491675,99.04398655891418,6888.039455780701,163.90384078025818,6888.673512512007,683.1345829963684,6889.230726948629,706.7032811641693,6889.744790423736,1332.9350416660309,6889.822164799642,1418.157791852951,6889.915252215452,1586.0302784442902,6890.015842827021,,,,,,
3,100,50.0,35.0,4,1801.0430359840393,6020.292783311061,97.00818681716919,6016.625381088019,144.26308417320251,6018.689746195813,438.71598529815674,6019.655165787636,818.4121894836426,6020.025667680899,1147.9957728385925,6020.292783311061,,,,,,,,,,,,,,
4,100,50.0,35.0,4,1802.1762084960938,6366.776068631314,77.6856677532196,6364.15654296399,205.36112070083618,6364.5478174695245,268.38714051246643,6365.524713344009,411.14652466773987,6365.539205285927,430.1670389175415,6366.776068631314,,,,,,,,,,,,,,
5,100,50.0,35.0,4,1802.186910867691,6171.4470559117735,79.2414219379425,6168.49496797933,140.0137391090393,6168.972796180526,223.44695663452148,6169.016782220683,318.60815691947937,6169.3054534093135,521.9527688026428,6170.165557044162,707.4209740161896,6171.4470559117735,,,,,,,,,,,,
6,100,50.0,35.0,4,1800.478007555008,6426.240962337833,26.65688467025757,6422.573232881709,57.282278537750244,6423.069695985386,88.53619909286499,6423.659645906157,134.64018487930298,6424.941675147269,316.2837359905243,6425.909042515468,906.313679933548,6426.141705799482,1398.1533026695251,6426.240962337833,,,,,,,,,,
7,100,50.0,35.0,4,1801.563393831253,6422.452438806011,33.32369375228882,6420.465388013283,83.40524387359619,6421.460475269065,280.7927565574646,6422.321327426697,492.2441973686218,6422.452438806011,,,,,,,,,,,,,,,,
8,100,50.0,35.0,4,1801.2130930423737,6770.081968941681,7.4867331981658936,6768.397665444908,12.655863046646118,6769.282984811721,14.58983325958252,6769.866341919228,210.12133312225342,6769.9878464184385,282.44213247299194,6770.0446492347255,295.414617061615,6770.081968941681,,,,,,,,,,,,
9,100,50.0,35.0,4,13.09004020690918,6379.058050363245,2.7277345657348633,6379.058050363245,,,,,,,,,,,,,,,,,,,,,,
10,100,50.0,35.0,4,1801.0049948692322,6247.057088009954,22.923707723617554,6243.311990830275,52.029494285583496,6245.749956197707,160.88659524917603,6246.053541237204,184.10174894332886,6246.650020902851,786.0323858261108,6246.873312355124,843.372718334198,6247.057088009954,,,,,,,,,,,,
11,100,50.0,35.0,4,1801.718001127243,6287.502906594015,9.029489994049072,6285.8802811681035,25.891005754470825,6286.014017609927,31.307631731033325,6286.275640240399,77.6289234161377,6286.676722315276,95.29101371765137,6287.069814746378,387.55016899108887,6287.502906594015,,,,,,,,,,,,
12,100,50.0,35.0,4,1801.5884819030762,6241.6913345903085,52.75071978569031,6240.268795208375,147.15223693847656,6240.51775023378,548.890807390213,6240.588021634861,1483.3385634422302,6240.86864632206,1723.8481695652008,6241.6913345903085,,,,,,,,,,,,,,
13,100,50.0,35.0,4,1800.529690504074,6689.064301557792,308.26114106178284,6684.118600872231,352.43451833724976,6689.064301557792,,,,,,,,,,,,,,,,,,,,
14,100,50.0,35.0,4,1801.2937235832214,6438.094970239113,22.53314709663391,6436.19757660454,34.36910820007324,6436.452569278173,60.23801875114441,6436.612400039257,65.25508570671082,6437.094284847154,96.6220223903656,6437.14481139936,123.23251485824585,6437.5183744264405,140.97908973693848,6438.094970239113,,,,,,,,,,
15,100,50.0,35.0,4,1800.6081211566925,6360.4654490310495,42.46143198013306,6359.090617548661,84.06492972373962,6359.68507917493,90.17134833335876,6359.701717055401,118.59462237358093,6360.12331922864,378.7096197605133,6360.13101686309,744.3807973861694,6360.416031413876,934.5872597694397,6360.4654490310495,,,,,,,,,,
16,100,50.0,35.0,4,1800.5866649150848,6344.686408556784,23.182213306427002,6342.639696098449,65.57472252845764,6342.733659274428,71.35925269126892,6344.686408556784,,,,,,,,,,,,,,,,,,
1,100,5.0,50.0,4,11.286882400512695,8077.553617651838,1.427781105041504,8077.553617651838,,,,,,,,,,,,,,,,,,,,,,
2,100,5.0,50.0,4,0.4322834014892578,8991.758614872031,0.43225669860839844,8991.758614872031,,,,,,,,,,,,,,,,,,,,,,
3,100,5.0,50.0,4,6.287387847900391,8181.737762809641,1.8148291110992432,8181.587618746493,2.1123082637786865,8181.671594678887,3.155534029006958,8181.709424491557,6.287363052368164,8181.737762809641,,,,,,,,,,,,,,,,
4,100,5.0,50.0,4,5.01379656791687,8587.324105211934,1.855215311050415,8587.269217222392,3.400491952896118,8587.324105211934,,,,,,,,,,,,,,,,,,,,
5,100,5.0,50.0,4,0.6009876728057861,8376.53444274743,0.6009609699249268,8376.53444274743,,,,,,,,,,,,,,,,,,,,,,
6,100,5.0,50.0,4,2.051487922668457,8576.69780289729,1.0355749130249023,8576.69780289729,,,,,,,,,,,,,,,,,,,,,,
7,100,5.0,50.0,4,2.1616499423980713,8479.474885814026,1.1263718605041504,8479.01649509878,1.9361307621002197,8479.474885814026,,,,,,,,,,,,,,,,,,,,
8,100,5.0,50.0,4,0.4191734790802002,8720.393178634959,0.4191462993621826,8720.393178634959,,,,,,,,,,,,,,,,,,,,,,
9,100,5.0,50.0,4,11.40190076828003,8433.237047272274,2.2325823307037354,8433.237047272274,,,,,,,,,,,,,,,,,,,,,,
10,100,5.0,50.0,4,0.7289080619812012,8327.18236457838,0.7288525104522705,8327.18236457838,,,,,,,,,,,,,,,,,,,,,,
11,100,5.0,50.0,4,0.629119873046875,8431.893647800684,0.6290936470031738,8431.893647800684,,,,,,,,,,,,,,,,,,,,,,
12,100,5.0,50.0,4,11.92465329170227,8306.71089235776,2.0832130908966064,8306.485917465376,2.757336378097534,8306.652663049876,4.756376504898071,8306.695399995815,8.813529968261719,8306.71039175889,9.766546964645386,8306.710403046529,10.153425693511963,8306.71089235776,,,,,,,,,,,,
13,100,5.0,50.0,4,0.7122383117675781,8840.032879340177,0.712212324142456,8840.032879340177,,,,,,,,,,,,,,,,,,,,,,
14,100,5.0,50.0,4,2.918771982192993,8642.65594249422,1.3384137153625488,8642.56132993768,1.9823501110076904,8642.65594249422,,,,,,,,,,,,,,,,,,,,
15,100,5.0,50.0,4,90.87331819534302,8512.34913656624,3.2999870777130127,8512.078169337314,4.773313999176025,8512.34716383315,61.210678577423096,8512.348074272059,65.1679310798645,8512.34913656624,,,,,,,,,,,,,,,,
16,100,5.0,50.0,4,0.871058464050293,8541.658487798173,0.87103271484375,8541.658487798173,,,,,,,,,,,,,,,,,,,,,,
1,100,15.0,50.0,4,1800.1350519657135,7933.004099778313,5.631636142730713,7932.567073675728,14.847648620605469,7932.6954982207435,20.01146173477173,7932.75931125588,25.712970495224,7932.796894675502,46.916882038116455,7932.803387448957,79.59497356414795,7932.807506636738,95.81500124931335,7932.822034045209,129.25025415420532,7932.927641736937,140.04241347312927,7932.954983461081,170.69454312324524,7933.004099778313,,,,
2,100,15.0,50.0,4,1100.3552215099335,8846.790063718849,2.305041790008545,8846.673418871194,5.789549827575684,8846.710860602743,13.450016498565674,8846.73867281412,17.013017892837524,8846.788664199668,20.166223287582397,8846.790063718849,,,,,,,,,,,,,,
3,100,15.0,50.0,4,1800.1944863796234,8041.659232293091,8.169650793075562,8040.852867427225,17.773756980895996,8040.990740164888,19.773272037506104,8041.41328235762,30.781803607940674,8041.651733215239,160.33426022529602,8041.659232293091,,,,,,,,,,,,,,
4,100,15.0,50.0,4,1207.9525175094604,8444.988180337094,2.6994283199310303,8444.13060553035,4.993605852127075,8444.419793991301,9.708709955215454,8444.557268859022,17.318230628967285,8444.656692955587,31.888364553451538,8444.663256066357,51.600276470184326,8444.756126191103,56.24518156051636,8444.787749718836,64.31659197807312,8444.827783715968,88.18226671218872,8444.988180337094,,,,,,
5,100,15.0,50.0,4,0.9613852500915527,8232.056018671661,0.9613592624664307,8232.056018671661,,,,,,,,,,,,,,,,,,,,,,
6,100,15.0,50.0,4,3.306640863418579,8432.618401578387,1.820971965789795,8432.618401578387,,,,,,,,,,,,,,,,,,,,,,
7,100,15.0,50.0,4,1801.1389887332916,8333.210397387375,4.835148811340332,8332.823183936998,5.694918155670166,8332.978313058109,8.14660358428955,8332.979880152523,13.470566987991333,8333.114560304255,21.58885359764099,8333.130701597316,60.519206047058105,8333.151888165794,67.38191723823547,8333.157369926848,220.7544822692871,8333.167888658445,285.1700928211212,8333.169597607546,327.13354539871216,8333.209326243023,367.089243888855,8333.209409461499,645.5170347690582,8333.210397387375
8,100,15.0,50.0,4,54.323486328125,8577.823101379574,2.9826784133911133,8577.648566577374,3.9513251781463623,8577.79897532052,6.751614809036255,8577.823101379574,,,,,,,,,,,,,,,,,,
9,100,15.0,50.0,4,1800.942593574524,8292.2844606325,5.362501382827759,8292.091087499653,58.27046060562134,8292.20275895453,252.48793840408325,8292.223903920854,561.072500705719,8292.2844606325,,,,,,,,,,,,,,,,
10,100,15.0,50.0,4,1800.2920243740082,8186.022951765027,7.425985097885132,8185.7060840990125,12.213196277618408,8185.894618287351,24.714589834213257,8185.99478597376,68.98089289665222,8186.0080220594455,120.20572710037231,8186.022951765027,,,,,,,,,,,,,,
11,100,15.0,50.0,4,16.710381746292114,8288.02049935393,2.720970392227173,8287.699935728326,4.272606611251831,8288.02049935393,,,,,,,,,,,,,,,,,,,,
12,100,15.0,50.0,4,1800.9285550117493,8163.767851288137,4.9425671100616455,8163.58019557399,6.225458383560181,8163.767851288137,,,,,,,,,,,,,,,,,,,,
13,100,15.0,50.0,4,12.019381046295166,8695.702456229501,1.8511970043182373,8695.702456229501,,,,,,,,,,,,,,,,,,,,,,
14,100,15.0,50.0,4,3.2940022945404053,8497.239531445157,2.0080907344818115,8497.239531445157,,,,,,,,,,,,,,,,,,,,,,
15,100,15.0,50.0,4,1800.5821928977966,8367.639258128542,9.896559715270996,8367.399249245585,24.62632918357849,8367.460115358472,52.63095545768738,8367.50524639987,68.88725924491882,8367.519581573233,90.68582963943481,8367.620968726113,596.6573641300201,8367.639258128542,,,,,,,,,,,,
16,100,15.0,50.0,4,0.9939095973968506,8398.116165315605,0.9938838481903076,8398.116165315605,,,,,,,,,,,,,,,,,,,,,,
1,100,35.0,50.0,4,1800.8261535167694,7666.425664908354,26.667418003082275,7664.962385271523,49.23298764228821,7665.326085284712,240.04858803749084,7665.376398588792,342.46196818351746,7665.685570177832,555.3801517486572,7665.762852041341,593.8067779541016,7666.328807798704,606.5776739120483,7666.425664908354,,,,,,,,,,
2,100,35.0,50.0,4,1800.121762752533,8573.857487524394,4.743626832962036,8573.67782878037,23.723392248153687,8573.721706293847,55.40695524215698,8573.842487534586,205.25518083572388,8573.857486666908,895.5378754138947,8573.857487524394,,,,,,,,,,,,,,
3,100,35.0,50.0,4,1800.8423426151276,7780.39362932777,32.50154161453247,7780.121556991738,546.7307453155518,7780.254904094379,949.682826757431,7780.39362932777,,,,,,,,,,,,,,,,,,
4,100,35.0,50.0,4,1800.2507960796356,8179.772874402212,18.552276611328125,8178.395885719342,65.68030166625977,8178.553907027313,154.1954860687256,8179.4446090907995,1592.4459054470062,8179.772874402212,,,,,,,,,,,,,,,,
5,100,35.0,50.0,4,1801.71502327919,7967.128426282789,3.902519464492798,7966.623294891082,7.205026388168335,7966.698720304364,22.179903268814087,7966.83336652242,26.234473943710327,7966.917350970401,125.75984358787537,7966.989036716477,174.50282096862793,7967.006000082203,359.5942783355713,7967.027477541076,521.4013428688049,7967.059657999462,574.5074980258942,7967.103340941044,821.7299802303314,7967.11574389901,1046.4874074459076,7967.128426282789,,
6,100,35.0,50.0,4,13.331447839736938,8160.6767380421525,3.7373855113983154,8160.6767380421525,,,,,,,,,,,,,,,,,,,,,,
7,100,35.0,50.0,4,1801.923080444336,8063.485927167409,14.436606884002686,8062.955522246945,105.0999858379364,8062.989808165381,213.413152217865,8063.235592173548,556.5176157951355,8063.417837511944,1410.0269553661346,8063.435769910142,1498.133778333664,8063.485927167409,,,,,,,,,,,,
8,100,35.0,50.0,4,1801.2148883342743,8317.192589418173,8.26680064201355,8316.008694983582,19.2746479511261,8316.518340647628,28.051218271255493,8316.933600733271,51.40223836898804,8317.07031384695,93.62970685958862,8317.097432570867,173.99874687194824,8317.164644629089,503.48803091049194,8317.192589418173,,,,,,,,,,
9,100,35.0,50.0,4,1800.9452075958252,8031.165016787657,12.445507287979126,8028.3396407253485,14.869044303894043,8028.895154230294,33.65022087097168,8030.186750302925,82.8319935798645,8030.387768464971,177.80978298187256,8030.994231621819,1725.4260079860687,8031.165016787657,,,,,,,,,,,,
10,100,35.0,50.0,4,1801.5116314888,7928.131655329094,11.751919984817505,7927.833059235518,41.361222982406616,7928.131655329094,,,,,,,,,,,,,,,,,,,,
11,100,35.0,50.0,4,1801.1773219108582,8022.325533907118,12.895637273788452,8021.0876436113085,38.93437743186951,8021.132972045744,67.44216203689575,8021.793505553787,272.0278420448303,8022.272997241015,720.5488212108612,8022.325533907118,,,,,,,,,,,,,,
12,100,35.0,50.0,4,1801.0365159511566,7905.663838609187,7.073720455169678,7903.782946835456,19.986138820648193,7905.663838609187,,,,,,,,,,,,,,,,,,,,
13,100,35.0,50.0,4,1801.3286216259003,8427.383301171183,5.601237773895264,8427.383301171183,,,,,,,,,,,,,,,,,,,,,,
14,100,35.0,50.0,4,1800.7265849113464,8231.975650680237,10.963288307189941,8230.726014730542,13.846472978591919,8231.570592401644,34.76661014556885,8231.721162533779,62.85175704956055,8231.96446865679,607.8645780086517,8231.975650680237,,,,,,,,,,,,,,
15,100,35.0,50.0,4,1801.1176915168762,8099.095931762126,90.42962265014648,8096.783907857982,109.5860435962677,8097.036177430821,192.29263162612915,8097.506035585398,439.04582595825195,8098.29923726266,629.9300813674927,8098.540208688108,645.305967092514,8098.795533474827,1163.1563754081726,8099.095931762126,,,,,,,,,,
16,100,35.0,50.0,4,1801.8548135757446,8128.288068269857,9.02460241317749,8128.207112102248,13.897973537445068,8128.282412796819,188.38766264915466,8128.288068269857,,,,,,,,,,,,,,,,,,
1,100,50.0,50.0,4,1801.4708678722382,7493.549625016325,80.68376564979553,7490.440331886692,99.31978726387024,7493.230524009518,1797.8776433467865,7493.549625016325,,,,,,,,,,,,,,,,,,
2,100,50.0,50.0,4,1801.3539299964905,8391.285605985237,4.926935434341431,8390.834139774146,36.98310422897339,8390.948229701498,86.44480061531067,8390.954327278674,91.26803922653198,8391.256027464771,128.2908914089203,8391.285605985237,,,,,,,,,,,,,,
3,100,50.0,50.0,4,1802.2497301101685,7601.175976221425,480.6359558105469,7596.80971819093,663.9005968570709,7598.996114572354,770.392128944397,7600.618125695055,912.7431781291962,7600.773404521528,1573.2448589801788,7601.175976221425,,,,,,,,,,,,,,
4,100,50.0,50.0,4,1801.9521477222443,8000.795201473247,26.9869966506958,7997.775556868893,101.4286196231842,7998.5201628321765,145.88675618171692,7998.63038067668,224.19508981704712,7998.935820090678,254.998699426651,8000.141067994685,428.5513188838959,8000.795201473247,,,,,,,,,,,,
5,100,50.0,50.0,4,1802.4749341011047,7788.978425210011,22.73066735267639,7786.384732420862,29.974375009536743,7786.578760243276,68.82728934288025,7787.618431980029,121.66580605506897,7788.48424944898,712.3881483078003,7788.962506953729,902.1003692150116,7788.978425210011,,,,,,,,,,,,
6,100,50.0,50.0,4,1800.703176021576,7976.791451553186,23.27601909637451,7973.547174179566,101.60109639167786,7976.320663475114,281.50338912010193,7976.458641992223,515.5429935455322,7976.619707639582,950.9089543819427,7976.791451553186,,,,,,,,,,,,,,
7,100,50.0,50.0,4,1801.5992226600647,7881.864129585677,95.45960330963135,7879.158561387667,216.12161922454834,7879.43659643012,350.30383038520813,7880.128749831488,429.15974497795105,7880.254661189412,969.872148513794,7880.993768231076,1205.4420430660248,7881.864129585677,,,,,,,,,,,,
8,100,50.0,50.0,4,1802.1218144893646,8136.627805238847,8.180975437164307,8136.058797701091,14.527899026870728,8136.062886368999,17.646464347839355,8136.088632571334,28.24536442756653,8136.555065778658,42.676921367645264,8136.5654900067975,122.13603043556213,8136.590716243301,1150.2868180274963,8136.627805238847,,,,,,,,,,
9,100,50.0,50.0,4,1802.5246980190277,7854.762093666459,43.73793935775757,7853.976022168632,212.15095162391663,7854.717457581826,1069.9844930171967,7854.762093666459,,,,,,,,,,,,,,,,,,
10,100,50.0,50.0,4,1800.01007604599,7752.814912698415,20.908308029174805,7750.407676894259,89.62853050231934,7750.537543896144,129.31311225891113,7750.568348586367,263.92495131492615,7752.814912698415,,,,,,,,,,,,,,,,
11,100,50.0,50.0,4,1800.8855557441711,7845.372575259296,83.79202461242676,7843.39748486446,122.16761612892151,7845.1649125667955,224.17903900146484,7845.228129411555,1179.0143785476685,7845.372575259296,,,,,,,,,,,,,,,,
12,100,50.0,50.0,4,1801.9925503730774,7731.7244614901365,85.34213495254517,7728.600543224026,302.02187395095825,7728.820796581544,339.87111949920654,7729.575133515986,352.2820494174957,7730.026329892147,467.20933198928833,7731.2840864482305,1536.1419808864594,7731.7244614901365,,,,,,,,,,,,
13,100,50.0,50.0,4,1801.3035259246826,8245.415997083075,5.5093653202056885,8243.870368493968,27.14813780784607,8244.282970892538,88.36080932617188,8244.487312048308,114.29622101783752,8244.554188098733,302.3822875022888,8244.650439504827,365.1718556880951,8244.716242353432,444.00636434555054,8245.415997083075,,,,,,,,,,
14,100,50.0,50.0,4,1801.0901618003845,8050.823661810174,21.14211869239807,8048.431535044421,61.71034359931946,8048.566499627025,123.52316164970398,8049.125511329213,184.36027598381042,8049.207134887266,213.0888159275055,8050.033387795932,484.37118697166443,8050.823661810174,,,,,,,,,,,,
15,100,50.0,50.0,4,1802.4288482666016,7918.837816364894,185.46010637283325,7918.162428620134,378.5721502304077,7918.677005994492,507.52365469932556,7918.759083343762,1539.012128353119,7918.837816364894,,,,,,,,,,,,,,,,
16,100,50.0,50.0,4,1800.2279648780823,7945.358182225006,4.686139345169067,7944.842814616422,6.851262092590332,7945.067741550041,12.980425834655762,7945.358182225006,,,,,,,,,,,,,,,,,,
